source,market,product_title,title,text,rating,author,review_date,url,helpful,sentiment,issue,topics_json,driver,barrier,purchase_impact,scenario,competitor_mentions_json,analysis_mode,window_status
Reddit,GLOBAL,,Curated public evidence,"A shopper defined the ideal pack as 10,000mAh, as slim as possible, not too hot, from a trusted brand and Qi2-certified.",,curated paraphrase,2025-12-24,https://www.reddit.com/r/MagSafe/comments/1puzgxd/best_ultraslim_10k_mah_magsafe_power_bank/,,neutral,Capacity,"[""Capacity"", ""Portability & slimness"", ""Heat & thermal management"", ""Reliability & durability"", ""Qi2 certification""]",Compact trusted Qi2 package,,Purchase criteria,Purchase research,[],curated-demo,verified
Reddit,GLOBAL,,Curated public evidence,"A recommended alternative was valued because its cable could be carried as a lanyard, reducing the need to pack an extra cable.",,curated paraphrase,2025-12-25,https://www.reddit.com/r/MagSafe/comments/1puzgxd/best_ultraslim_10k_mah_magsafe_power_bank/,,positive,Built-in / carried cable,"[""Built-in / carried cable"", ""Portability & slimness""]",Fewer loose accessories,,Recommend / repeat,Travel,[],curated-demo,verified
Reddit,GLOBAL,,Curated public evidence,An owner measured roughly 12–14W wireless charging and said performance changed with phone temperature.,,curated paraphrase,2026-05-18,https://www.reddit.com/r/MagSafe/comments/1tgi9yu/anker_maggo_slim_10000_mah_opinions/,,neutral,Charging speed,"[""Charging speed"", ""Heat & thermal management""]",Acceptable real-world speed,Temperature-dependent performance,Performance trade-off,Wireless charging,"[""Anker""]",curated-demo,verified
Reddit,GLOBAL,,Curated public evidence,"The same owner said wired 30W output could be sustained only briefly before heat reduced power, reinforcing thermal throttling as a real use constraint.",,curated paraphrase,2026-05-18,https://www.reddit.com/r/MagSafe/comments/1tgi9yu/anker_maggo_slim_10000_mah_opinions/,,negative,Heat & thermal management,"[""Heat & thermal management"", ""Charging speed"", ""Charging reliability""]",,Thermal throttling under high output,Blocked usage,Fast wired charging,"[""Anker""]",curated-demo,verified
Reddit,GLOBAL,,Curated public evidence,Case geometry can interfere with magnetic attachment because the pack closely matches the phone body dimensions.,,curated paraphrase,2026-05-18,https://www.reddit.com/r/MagSafe/comments/1tgi9yu/anker_maggo_slim_10000_mah_opinions/,,negative,Compatibility & fit,"[""Compatibility & fit"", ""Magnetic strength"", ""Portability & slimness""]",,Case and corner interference,Blocked purchase,Daily carry,"[""Anker""]",curated-demo,verified
Reddit,GLOBAL,,Curated public evidence,A recent buyer under a $70 budget prioritized long-term reliability after problems with a premium competitor and compared trusted brands on warranty and quality.,,curated paraphrase,2026-07-05,https://www.reddit.com/r/MagSafe/comments/1unqywy/i_know_this_gets_asked_a_lot_but_best_10k_mah/,,neutral,Value for money,"[""Value for money"", ""Reliability & durability"", ""Brand trust""]",Trusted quality at a rational price,Reliability risk,Switch brand,Purchase research,"[""Anker"", ""UGREEN"", ""INIU"", ""Baseus""]",curated-demo,verified
Reddit,GLOBAL,,Curated public evidence,"The conversation showed consumers now compare Anker, UGREEN, INIU, Baseus and others rather than defaulting to one established brand.",,curated paraphrase,2026-07-05,https://www.reddit.com/r/MagSafe/comments/1unqywy/i_know_this_gets_asked_a_lot_but_best_10k_mah/,,neutral,Competitive intensity,"[""Competitive intensity"", ""Value for money"", ""Brand trust""]",Broader brand choice,Brand uncertainty,Brand comparison,Purchase research,"[""Anker"", ""UGREEN"", ""INIU"", ""Baseus""]",curated-demo,verified
Reddit,GLOBAL,,Curated public evidence,A small-phone user worried that most 10K packs extend below the device and make the combination uncomfortable.,,curated paraphrase,2026-08-25,https://www.reddit.com/r/MagSafe/comments/1vyatw2/whats_your_favourite_magsafe_powerbank_for_s25/,,negative,Compatibility & fit,"[""Compatibility & fit"", ""Portability & slimness"", ""Weight & hand feel""]",,Pack footprint exceeds phone size,Blocked purchase,Daily carry,[],curated-demo,verified
Reddit,GLOBAL,,Curated public evidence,"A Baseus user reported good wired and wireless speed without excessive heat, showing that thermal performance can become a brand differentiator.",,curated paraphrase,2026-08-27,https://www.reddit.com/r/MagSafe/comments/1vyatw2/whats_your_favourite_magsafe_powerbank_for_s25/,,positive,Charging speed,"[""Charging speed"", ""Heat & thermal management"", ""Brand trust""]",Fast charging without excessive heat,,Recommend / repeat,Wireless charging,"[""Baseus""]",curated-demo,verified
Reddit,GLOBAL,,Curated public evidence,"The slim Anker pack was still described as well-built and not thick, so form factor remained a clear positive despite thermal caveats.",,curated paraphrase,2026-05-18,https://www.reddit.com/r/MagSafe/comments/1tgi9yu/anker_maggo_slim_10000_mah_opinions/,,positive,Portability & slimness,"[""Portability & slimness"", ""Build quality""]",Slim premium construction,,Recommend / repeat,Daily carry,"[""Anker""]",curated-demo,verified
Reddit,GLOBAL,,Curated public evidence,"The buyer explicitly wanted evidence before considering a less familiar brand, making warranty and service credibility part of the purchase decision.",,curated paraphrase,2026-07-05,https://www.reddit.com/r/MagSafe/comments/1unqywy/i_know_this_gets_asked_a_lot_but_best_10k_mah/,,neutral,Brand trust,"[""Brand trust"", ""Reliability & durability"", ""Service & warranty""]",Proof of reliability,Weak brand assurance,Purchase criteria,Purchase research,[],curated-demo,verified
Reddit,GLOBAL,,Curated public evidence,The user considered abandoning magnetic charging for a normal power bank plus short cable if the attached 10K form factor remained awkward.,,curated paraphrase,2026-08-25,https://www.reddit.com/r/MagSafe/comments/1vyatw2/whats_your_favourite_magsafe_powerbank_for_s25/,,negative,Portability & slimness,"[""Portability & slimness"", ""Compatibility & fit"", ""Feature trade-offs""]",,Magnetic convenience loses to ergonomics,Switch format,Daily carry,[],curated-demo,verified
ESR Customer Reviews,GLOBAL,,Curated public evidence,One customer review liked the build quality but found the magnet weaker than expected and reported charging stopping around 80%.,,curated paraphrase,,https://www.esrtech.com/en-ca/products/qi2-magslim-power-bank-10k,,negative,Magnetic strength,"[""Magnetic strength"", ""Charging reliability"", ""Build quality""]",Quality feel,Weak magnet / early stop,Dissatisfaction,Wireless charging,"[""ESR""]",curated-demo,unknown
ESR Customer Reviews,GLOBAL,,Curated public evidence,"Another customer review described the pack as compact enough for a pocket, durable-feeling and reasonably fast.",,curated paraphrase,,https://www.esrtech.com/en-ca/products/qi2-magslim-power-bank-10k,,positive,Portability & slimness,"[""Portability & slimness"", ""Build quality"", ""Charging speed""]",Pocketable and solid,,Recommend / repeat,Daily carry,"[""ESR""]",curated-demo,unknown
ESR Customer Reviews,GLOBAL,,Curated public evidence,"Customer ratings on the product page are strongly positive overall, but the negative review highlights that magnetic strength can still undermine an otherwise compact product.",,curated paraphrase,,https://www.esrtech.com/en-ca/products/qi2-magslim-power-bank-10k,,neutral,Magnetic strength,"[""Magnetic strength"", ""Portability & slimness""]",Compact form factor,Magnetic confidence,Purchase criteria,Purchase research,"[""ESR""]",curated-demo,unknown
Reddit,GLOBAL,,Curated public evidence,"Premium pricing alone no longer guarantees preference; users explicitly weigh newer Qi2.2 options against price, reliability and long-term ownership feedback.",,curated paraphrase,2026-07-05,https://www.reddit.com/r/MagSafe/comments/1unqywy/i_know_this_gets_asked_a_lot_but_best_10k_mah/,,neutral,Value for money,"[""Value for money"", ""Qi2 certification"", ""Reliability & durability"", ""Competitive intensity""]",Evidence-backed value,Premium price without clear advantage,Brand comparison,Purchase research,"[""Anker""]",curated-demo,verified
Reddit,GLOBAL,,Curated public evidence,Thermal comfort is now written into the initial shopping brief alongside capacity and slimness rather than appearing only as a post-purchase complaint.,,curated paraphrase,2025-12-24,https://www.reddit.com/r/MagSafe/comments/1puzgxd/best_ultraslim_10k_mah_magsafe_power_bank/,,neutral,Heat & thermal management,"[""Heat & thermal management"", ""Purchase criteria""]",Cool-to-touch confidence,Heat anxiety,Purchase criteria,Purchase research,[],curated-demo,verified
Reddit,GLOBAL,,Curated public evidence,"Smaller Android devices expose a fit problem that iPhone-focused designs can hide, suggesting device footprint should be validated beyond the core iPhone use case.",,curated paraphrase,2026-08-25,https://www.reddit.com/r/MagSafe/comments/1vyatw2/whats_your_favourite_magsafe_powerbank_for_s25/,,negative,Compatibility & fit,"[""Compatibility & fit"", ""Android compatibility"", ""Portability & slimness""]",,iPhone-centric footprint,Blocked purchase,Android daily carry,[],curated-demo,verified
